Id,Nombre,Apellido,Email,Contrasena,Estatus
1,Amanda,Rojas,tfarias@industrias.com,62T5eNlu@(,1
2,Emilio,Ceballos,luis-miguel79@gmail.com,^kB26TEj36,1
3,Guillermina,Ulloa,silvanozamora@despacho.com,jo1WypRp*F,1
4,Juan Carlos,Cantar,mario29@despacho.com,**WRnbYoF7,1
5,Cristal,Almonte,genaro13@castellanos.com,+7n8EwnIGw,1
6,Vicente,Garibay,ortaleonardo@arevalo.org,#BD3Ofq0ql,1
7,Adalberto,Raya,eesquibel@hotmail.com,5K(!L3fc*m,1
8,Florencia,Ramos,rodolfosalazar@hotmail.com,Z#5jWLfDj2,1
9,Miguel √Ångel,Pineda,noeliaanguiano@hotmail.com,C9(9Evew!n,1
10,Juan,Mesa,martindel-valle@anguiano-carrillo.biz,#øNOMBRE?,1
11,Fidel,Centeno,ycandelaria@alcantar.biz,zD5XsYrE1(,1
12,Aurora,Sierra,dramirez@hotmail.com,Pjz@0CsPOO,1
13,Alexis,Mena,sfeliciano@laboratorios.net,c4sOA#wb!y,1
14,Reynaldo,ZuÒiga,cristal29@corporacin.org,+5NvP1D$3#,1
15,Eugenia,Ruiz,luisa11@almaraz.com,^5_WNQlg#O,1
16,Jacinto,Iglesias,qornelas@calderon-salgado.net,v7b2aWbx#m,1
17,Miguel √Ångel,Camacho,sergiomireles@arce-griego.net,Y+4VFVUye9,1
18,Miguel,Arevalo,miriamzuniga@feliciano.org,)^1wIgtXa),1
19,Lourdes,Vaca,elias33@hotmail.com,!A*3A+igY1,1
20,Elias,Quintana,osantiago@hotmail.com,U()9W$dCly,1
